Workbook
Name MethodPointer1: 1763923488
Name MethodPointer2: 519

Sheet Plate 1 - Sheet1
A2: Software Version | B2: 3.10.06
A4: Experiment File Path: | B4: C:\Users\Public\Documents\Experiments\Erika\2024_12_02_MIC_MCF_C3.xpt
A5: Protocol File Path: | B5: C:\Users\Public\Documents\Protocols\InitialOD.prt
A6: Plate Number | B6: Plate 1
A7: Date | B7: 45994
A8: Time | B8: 0.6027662
A9: Reader Type: | B9: Epoch 2
A10: Reader Serial Number: | B10: 1803065
A11: Reading Type | B11: Reader
A13: Procedure Details
A14: Plate Type | B14: 96 WELL PLATE (Use plate lid)
A15: Eject plate on completion
A16: Read | B16: Absorbance Endpoint
B17: Full Plate
B18: Wavelengths: 600
B19: Read Speed: Normal, Delay: 100 msec, Measurements/Data Point: 8
A21: Layout
C23: 1 | D23: 2 | E23: 3 | F23: 4 | G23: 5 | H23: 6 | I23: 7 | J23: 8 | K23: 9 | L23: 10 | M23: 11 | N23: 12
B24: A | C24: SPL1 | D24: SPL9 | E24: SPL17 | F24: SPL25 | G24: SPL33 | H24: SPL41 | I24: SPL49 | J24: SPL57 | K24: SPL65 | L24: SPL73 | M24: SPL81 | N24: SPL89 | O24: Well ID
B25: B | C25: SPL2 | D25: SPL10 | E25: SPL18 | F25: SPL26 | G25: SPL34 | H25: SPL42 | I25: SPL50 | J25: SPL58 | K25: SPL66 | L25: SPL74 | M25: SPL82 | N25: SPL90 | O25: Well ID
B26: C | C26: SPL3 | D26: SPL11 | E26: SPL19 | F26: SPL27 | G26: SPL35 | H26: SPL43 | I26: SPL51 | J26: SPL59 | K26: SPL67 | L26: SPL75 | M26: SPL83 | N26: SPL91 | O26: Well ID
B27: D | C27: SPL4 | D27: SPL12 | E27: SPL20 | F27: SPL28 | G27: SPL36 | H27: SPL44 | I27: SPL52 | J27: SPL60 | K27: SPL68 | L27: SPL76 | M27: SPL84 | N27: SPL92 | O27: Well ID
B28: E | C28: SPL5 | D28: SPL13 | E28: SPL21 | F28: SPL29 | G28: SPL37 | H28: SPL45 | I28: SPL53 | J28: SPL61 | K28: SPL69 | L28: SPL77 | M28: SPL85 | N28: SPL93 | O28: Well ID
B29: F | C29: SPL6 | D29: SPL14 | E29: SPL22 | F29: SPL30 | G29: SPL38 | H29: SPL46 | I29: SPL54 | J29: SPL62 | K29: SPL70 | L29: SPL78 | M29: SPL86 | N29: SPL94 | O29: Well ID
B30: G | C30: SPL7 | D30: SPL15 | E30: SPL23 | F30: SPL31 | G30: SPL39 | H30: SPL47 | I30: SPL55 | J30: SPL63 | K30: SPL71 | L30: SPL79 | M30: SPL87 | N30: SPL95 | O30: Well ID
B31: H | C31: SPL8 | D31: SPL16 | E31: SPL24 | F31: SPL32 | G31: SPL40 | H31: SPL48 | I31: SPL56 | J31: SPL64 | K31: SPL72 | L31: SPL80 | M31: SPL88 | N31: SPL96 | O31: Well ID
A33: Results
A34: Actual Temperature: | B34: 24.1
C36: 1 | D36: 2 | E36: 3 | F36: 4 | G36: 5 | H36: 6 | I36: 7 | J36: 8 | K36: 9 | L36: 10 | M36: 11 | N36: 12
B37: A | C37: 0.105 | D37: 0.106 | E37: 0.113 | F37: 0.102 | G37: 0.098 | H37: 0.097 | I37: 0.099 | J37: 0.099 | K37: 0.098 | L37: 0.103 | M37: 0.106 | N37: 0.1 | O37: 600 | P37: =AVERAGE(C37:N37) -> 0.10216667
B38: B | C38: 1.16 | D38: 1.182 | E38: 1.182 | F38: 1.178 | G38: 1.161 | H38: 1.158 | I38: 1.203 | J38: 1.201 | K38: 1.204 | L38: 1.164 | M38: 1.186 | N38: 1.174 | O38: 600
B39: C | C39: 1.139 | D39: 1.171 | E39: 1.151 | F39: 1.15 | G39: 1.153 | H39: 1.146 | I39: 1.154 | J39: 1.151 | K39: 1.143 | L39: 1.108 | M39: 1.137 | N39: 1.118 | O39: 600
B40: D | C40: 1.117 | D40: 1.138 | E40: 1.115 | F40: 1.1 | G40: 1.129 | H40: 1.12 | I40: 1.098 | J40: 1.104 | K40: 1.089 | L40: 1.098 | M40: 1.093 | N40: 1.068 | O40: 600
B41: E | C41: 0.216 | D41: 0.276 | E41: 0.247 | F41: 0.147 | G41: 0.155 | H41: 0.151 | I41: 0.143 | J41: 0.138 | K41: 0.14 | L41: 0.142 | M41: 0.125 | N41: 0.124 | O41: 600
B42: F | C42: 0.107 | D42: 0.107 | E42: 0.107 | F42: 0.115 | G42: 0.118 | H42: 0.116 | I42: 0.114 | J42: 0.114 | K42: 0.119 | L42: 0.108 | M42: 0.101 | N42: 0.103 | O42: 600
B43: G | C43: 0.113 | D43: 0.11 | E43: 0.111 | F43: 0.108 | G43: 0.113 | H43: 0.113 | I43: 0.112 | J43: 0.111 | K43: 0.11 | L43: 0.102 | M43: 0.099 | N43: 0.1 | O43: 600
B44: H | C44: 0.12 | D44: 0.119 | E44: 0.12 | F44: 0.102 | G44: 0.101 | H44: 0.102 | I44: 0.102 | J44: 0.1 | K44: 0.099 | L44: 0.103 | M44: 0.101 | N44: 0.102 | O44: 600
C46: =C38-$P$37 -> 1.0578333 | D46: =D38-$P$37 -> 1.0798333 | E46: =E38-$P$37 -> 1.0798333 | F46: =F38-$P$37 -> 1.0758333 | G46: =G38-$P$37 -> 1.0588333 | H46: =H38-$P$37 -> 1.0558333 | I46: =I38-$P$37 -> 1.1008333 | J46: =J38-$P$37 -> 1.0988333 | ... N46: =N38-$P$37 -> 1.0718333
C47: =C39-$P$37 -> 1.0368333 | D47: =D39-$P$37 -> 1.0688333 | E47: =E39-$P$37 -> 1.0488333 | F47: =F39-$P$37 -> 1.0478333 | G47: =G39-$P$37 -> 1.0508333 | H47: =H39-$P$37 -> 1.0438333 | I47: =I39-$P$37 -> 1.0518333 | J47: =J39-$P$37 -> 1.0488333 | ... N47: =N39-$P$37 -> 1.0158333
C48: =C40-$P$37 -> 1.0148333 | D48: =D40-$P$37 -> 1.0358333 | E48: =E40-$P$37 -> 1.0128333 | F48: =F40-$P$37 -> 0.99783333 | G48: =G40-$P$37 -> 1.0268333 | H48: =H40-$P$37 -> 1.0178333 | I48: =I40-$P$37 -> 0.99583333 | J48: =J40-$P$37 -> 1.0018333 | ... N48: =N40-$P$37 -> 0.96583333
C49: =C41-$P$37 -> 0.11383333 | D49: =D41-$P$37 -> 0.17383333 | E49: =E41-$P$37 -> 0.14483333 | F49: =F41-$P$37 -> 0.044833333 | G49: =G41-$P$37 -> 0.052833333 | H49: =H41-$P$37 -> 0.048833333 | I49: =I41-$P$37 -> 0.040833333 | J49: =J41-$P$37 -> 0.035833333 | ... N49: =N41-$P$37 -> 0.021833333
C50: =C42-$P$37 -> 0.0048333333 | D50: =D42-$P$37 -> 0.0048333333 | E50: =E42-$P$37 -> 0.0048333333 | F50: =F42-$P$37 -> 0.012833333 | G50: =G42-$P$37 -> 0.015833333 | H50: =H42-$P$37 -> 0.013833333 | I50: =I42-$P$37 -> 0.011833333 | J50: =J42-$P$37 -> 0.011833333 | ... N50: =N42-$P$37 -> 0.00083333333
C51: =C43-$P$37 -> 0.010833333 | D51: =D43-$P$37 -> 0.0078333333 | E51: =E43-$P$37 -> 0.0088333333 | F51: =F43-$P$37 -> 0.0058333333 | G51: =G43-$P$37 -> 0.010833333 | H51: =H43-$P$37 -> 0.010833333 | I51: =I43-$P$37 -> 0.0098333333 | J51: =J43-$P$37 -> 0.0088333333 | ... N51: =N43-$P$37 -> -0.0021666667
C52: =C44-$P$37 -> 0.017833333 | D52: =D44-$P$37 -> 0.016833333 | E52: =E44-$P$37 -> 0.017833333 | F52: =F44-$P$37 -> -0.00016666667 | G52: =G44-$P$37 -> -0.0011666667 | H52: =H44-$P$37 -> -0.00016666667 | I52: =I44-$P$37 -> -0.00016666667 | J52: =J44-$P$37 -> -0.0021666667 | ... N52: =N44-$P$37 -> -0.00016666667
C54: =C46/$C$46 -> 1 | D54: =D46/$D$46 -> 1 | E54: =E46/$E$46 -> 1 | F54: =F46/$F$46 -> 1 | G54: =G46/$G$46 -> 1 | H54: =H46/$H$46 -> 1 | I54: =I46/$I$46 -> 1 | J54: =J46/$J$46 -> 1 | K54: =K46/$K$46 -> 1 | L54: =L46/$L$46 -> 1 | M54: =M46/$M$46 -> 1 | N54: =N46/$N$46 -> 1
C55: =C47/$C$46 -> 0.9801481 | D55: =D47/$D$46 -> 0.98981324 | E55: =E47/$E$46 -> 0.97129187 | F55: =F47/$F$46 -> 0.97397366 | G55: =G47/$G$46 -> 0.99244451 | H55: =H47/$H$46 -> 0.98863457 | I55: =I47/$I$46 -> 0.95548827 | J55: =J47/$J$46 -> 0.95449719 | K55: =K47/$K$46 -> 0.94463772 | L55: =L47/$L$46 -> 0.94726103 | M55: =M47/$M$46 -> 0.9547901 | N55: =N47/$N$46 -> 0.94775307
C56: =C48/$C$46 -> 0.95935087 | D56: =D48/$D$46 -> 0.95925297 | E56: =E48/$E$46 -> 0.93795339 | F56: =F48/$F$46 -> 0.92749806 | G56: =G48/$G$46 -> 0.96977806 | H56: =H48/$H$46 -> 0.96400947 | I56: =I48/$I$46 -> 0.90461771 | J56: =J48/$J$46 -> 0.91172456 | K56: =K48/$K$46 -> 0.8956285 | L56: =L48/$L$46 -> 0.93784335 | M56: =M48/$M$46 -> 0.91419345 | N56: =N48/$N$46 -> 0.90110403 | P56: MCF | Q56: 2868 | R56: C1 | S56: C5 | T56: 2875 | U56: C9 | V56: C13 | W56: 2876 | X56: C18 | Y56: C19 | Z56: 5192 | AA56: C25 | AB56: C27
C57: =C49/$C$46 -> 0.10760989 | D57: =D49/$D$46 -> 0.16098163 | E57: =E49/$E$46 -> 0.13412564 | F57: =F49/$F$46 -> 0.041673122 | G57: =G49/$G$46 -> 0.049897686 | H57: =H49/$H$46 -> 0.046250987 | I57: =I49/$I$46 -> 0.037093111 | J57: =J49/$J$46 -> 0.032610344 | K57: =K49/$K$46 -> 0.034336712 | L57: =L49/$L$46 -> 0.037513734 | M57: =M49/$M$46 -> 0.0210672 | N57: =N49/$N$46 -> 0.020370082 | P57: no drug | Q57: 1 | R57: 1 | S57: 1 | T57: 1 | U57: 1 | V57: 1 | W57: 1 | X57: 1 | Y57: 1 | Z57: 1 | AA57: 1 | AB57: 1
C58: =C50/$C$46 -> 0.0045690878 | D58: =D50/$D$46 -> 0.0044759994 | E58: =E50/$E$46 -> 0.0044759994 | F58: =F50/$F$46 -> 0.011928737 | G58: =G50/$G$46 -> 0.014953565 | H58: =H50/$H$46 -> 0.013101815 | I58: =I50/$I$46 -> 0.010749432 | J58: =J50/$J$46 -> 0.010768997 | K58: =K50/$K$46 -> 0.015277568 | L58: =L50/$L$46 -> 0.0054936431 | M58: =M50/$M$46 -> -0.0010764263 | N58: =N50/$N$46 -> 0.00077748406 | P58: 0.004 ug/ml | Q58: 0.88928635 | R58: 0.89303676 | S58: 0.89960931 | T58: 0.96927612 | U58: 0.97685891 | V58: 0.97789356 | W58: 0.95204314 | X58: 0.95539454 | Y58: 0.95101285 | Z58: 0.95137292 | AA58: 0.95602827 | AB58: 0.95035598
C59: =C51/$C$46 -> 0.010241059 | D59: =D51/$D$46 -> 0.0072542059 | E59: =E51/$E$46 -> 0.0081802747 | F59: =F51/$F$46 -> 0.0054221534 | G59: =G51/$G$46 -> 0.010231387 | H59: =H51/$H$46 -> 0.010260458 | I59: =I51/$I$46 -> 0.0089326268 | J59: =J51/$J$46 -> 0.0080388291 | K59: =K51/$K$46 -> 0.0071093632 | L59: =L51/$L$46 -> -0.00015696123 | M59: =M51/$M$46 -> -0.0029217284 | N59: =N51/$N$46 -> -0.0020214586 | P59: 0.008 ug/ml | Q59: 0.86629725 | R59: 0.86809137 | S59: 0.87069756 | T59: 0.93463902 | U59: 0.95196834 | V59: 0.95192768 | W59: 0.90138576 | X59: 0.89515769 | Y59: 0.89818934 | Z59: 0.93500829 | AA59: 0.91666398 | AB59: 0.91283146
C60: =C52/$C$46 -> 0.016858358 | D60: =D52/$D$46 -> 0.015588825 | E60: =E52/$E$46 -> 0.016514894 | F60: =F52/$F$46 -> -0.00015491867 | G60: =G52/$G$46 -> -0.0011018416 | H60: =H52/$H$46 -> -0.0001578532 | I60: =I52/$I$46 -> -0.00015140045 | J60: =J52/$J$46 -> -0.0019717883 | K60: =K52/$K$46 -> -0.0028739979 | L60: =L52/$L$46 -> 0.00078480615 | M60: =M52/$M$46 -> -0.0010764263 | N60: =N52/$N$46 -> -0.00015549681 | P60: 0.016 ug/ml | Q60: 0.076854382 | R60: 0.1157211 | S60: 0.11770745 | T60: 0.040926981 | U60: 0.042156781 | V60: 0.040735008 | W60: 0.034384619 | X60: 0.031018982 | Y60: 0.031436093 | Z60: 0.037050699 | AA60: 0.027904407 | AB60: 0.025985356
P61: 0.032 ug/ml | Q61: 0.010352413 | R61: 0.010235453 | S61: 0.010105726 | T61: 0.010478544 | U61: 0.013995295 | V61: 0.0097630128 | W61: 0.01099119 | X61: 0.0094706921 | Y61: 0.011328142 | Z61: 0.008548089 | AA61: 0.0048395233 | AB61: 0.0027127439
P62: 0.64 ug/ml | Q62: 0.014759782 | R62: 0.01483265 | S62: 0.013275763 | T62: 0.0081462868 | U62: 0.011587105 | V62: 0.010083777 | W62: 0.0085988995 | X62: 0.0082696512 | Y62: 0.0077025404 | Z62: 0.0069630366 | AA62: 0.0017588383 | AB62: 0.00022742179
C63: =AVERAGE(C54,'Plate 2 - Sheet1'!C54,'Plate 3 - Sheet1'!C54) -> 1 | D63: =AVERAGE(D54,'Plate 2 - Sheet1'!D54,'Plate 3 - Sheet1'!D54) -> 1 | E63: =AVERAGE(E54,'Plate 2 - Sheet1'!E54,'Plate 3 - Sheet1'!E54) -> 1 | F63: =AVERAGE(F54,'Plate 2 - Sheet1'!F54,'Plate 3 - Sheet1'!F54) -> 1 | G63: =AVERAGE(G54,'Plate 2 - Sheet1'!G54,'Plate 3 - Sheet1'!G54) -> 1 | H63: =AVERAGE(H54,'Plate 2 - Sheet1'!H54,'Plate 3 - Sheet1'!H54) -> 1 | I63: =AVERAGE(I54,'Plate 2 - Sheet1'!I54,'Plate 3 - Sheet1'!I54) -> 1 | J63: =AVERAGE(J54,'Plate 2 - Sheet1'!J54,'Plate 3 - Sheet1'!J54) -> 1 | ... N63: =AVERAGE(N54,'Plate 2 - Sheet1'!N54,'Plate 3 - Sheet1'!N54) -> 1 | P63: 0.128 ug/ml | Q63: 0.022905557 | R63: 0.018715392 | S63: 0.020465644 | T63: 0.0045386622 | U63: 0.0026537142 | V63: 0.0042308584 | W63: 0.0011135785 | X63: 0.0010957067 | Y63: 0.00021275146 | Z63: 0.0026948227 | AA63: 0.0011524593 | AB63: 0.0024054284
C64: =AVERAGE(C55,'Plate 2 - Sheet1'!C55,'Plate 3 - Sheet1'!C55) -> 0.88928635 | D64: =AVERAGE(D55,'Plate 2 - Sheet1'!D55,'Plate 3 - Sheet1'!D55) -> 0.89303676 | E64: =AVERAGE(E55,'Plate 2 - Sheet1'!E55,'Plate 3 - Sheet1'!E55) -> 0.89960931 | F64: =AVERAGE(F55,'Plate 2 - Sheet1'!F55,'Plate 3 - Sheet1'!F55) -> 0.96927612 | G64: =AVERAGE(G55,'Plate 2 - Sheet1'!G55,'Plate 3 - Sheet1'!G55) -> 0.97685891 | H64: =AVERAGE(H55,'Plate 2 - Sheet1'!H55,'Plate 3 - Sheet1'!H55) -> 0.97789356 | I64: =AVERAGE(I55,'Plate 2 - Sheet1'!I55,'Plate 3 - Sheet1'!I55) -> 0.95204314 | J64: =AVERAGE(J55,'Plate 2 - Sheet1'!J55,'Plate 3 - Sheet1'!J55) -> 0.95539454 | ... N64: =AVERAGE(N55,'Plate 2 - Sheet1'!N55,'Plate 3 - Sheet1'!N55) -> 0.95035598
C65: =AVERAGE(C56,'Plate 2 - Sheet1'!C56,'Plate 3 - Sheet1'!C56) -> 0.86629725 | D65: =AVERAGE(D56,'Plate 2 - Sheet1'!D56,'Plate 3 - Sheet1'!D56) -> 0.86809137 | E65: =AVERAGE(E56,'Plate 2 - Sheet1'!E56,'Plate 3 - Sheet1'!E56) -> 0.87069756 | F65: =AVERAGE(F56,'Plate 2 - Sheet1'!F56,'Plate 3 - Sheet1'!F56) -> 0.93463902 | G65: =AVERAGE(G56,'Plate 2 - Sheet1'!G56,'Plate 3 - Sheet1'!G56) -> 0.95196834 | H65: =AVERAGE(H56,'Plate 2 - Sheet1'!H56,'Plate 3 - Sheet1'!H56) -> 0.95192768 | I65: =AVERAGE(I56,'Plate 2 - Sheet1'!I56,'Plate 3 - Sheet1'!I56) -> 0.90138576 | J65: =AVERAGE(J56,'Plate 2 - Sheet1'!J56,'Plate 3 - Sheet1'!J56) -> 0.89515769 | ... N65: =AVERAGE(N56,'Plate 2 - Sheet1'!N56,'Plate 3 - Sheet1'!N56) -> 0.91283146
C66: =AVERAGE(C57,'Plate 2 - Sheet1'!C57,'Plate 3 - Sheet1'!C57) -> 0.076854382 | D66: =AVERAGE(D57,'Plate 2 - Sheet1'!D57,'Plate 3 - Sheet1'!D57) -> 0.1157211 | E66: =AVERAGE(E57,'Plate 2 - Sheet1'!E57,'Plate 3 - Sheet1'!E57) -> 0.11770745 | F66: =AVERAGE(F57,'Plate 2 - Sheet1'!F57,'Plate 3 - Sheet1'!F57) -> 0.040926981 | G66: =AVERAGE(G57,'Plate 2 - Sheet1'!G57,'Plate 3 - Sheet1'!G57) -> 0.042156781 | H66: =AVERAGE(H57,'Plate 2 - Sheet1'!H57,'Plate 3 - Sheet1'!H57) -> 0.040735008 | I66: =AVERAGE(I57,'Plate 2 - Sheet1'!I57,'Plate 3 - Sheet1'!I57) -> 0.034384619 | J66: =AVERAGE(J57,'Plate 2 - Sheet1'!J57,'Plate 3 - Sheet1'!J57) -> 0.031018982 | ... N66: =AVERAGE(N57,'Plate 2 - Sheet1'!N57,'Plate 3 - Sheet1'!N57) -> 0.025985356
C67: =AVERAGE(C58,'Plate 2 - Sheet1'!C58,'Plate 3 - Sheet1'!C58) -> 0.010352413 | D67: =AVERAGE(D58,'Plate 2 - Sheet1'!D58,'Plate 3 - Sheet1'!D58) -> 0.010235453 | E67: =AVERAGE(E58,'Plate 2 - Sheet1'!E58,'Plate 3 - Sheet1'!E58) -> 0.010105726 | F67: =AVERAGE(F58,'Plate 2 - Sheet1'!F58,'Plate 3 - Sheet1'!F58) -> 0.010478544 | G67: =AVERAGE(G58,'Plate 2 - Sheet1'!G58,'Plate 3 - Sheet1'!G58) -> 0.013995295 | H67: =AVERAGE(H58,'Plate 2 - Sheet1'!H58,'Plate 3 - Sheet1'!H58) -> 0.0097630128 | I67: =AVERAGE(I58,'Plate 2 - Sheet1'!I58,'Plate 3 - Sheet1'!I58) -> 0.01099119 | J67: =AVERAGE(J58,'Plate 2 - Sheet1'!J58,'Plate 3 - Sheet1'!J58) -> 0.0094706921 | ... N67: =AVERAGE(N58,'Plate 2 - Sheet1'!N58,'Plate 3 - Sheet1'!N58) -> 0.0027127439
C68: =AVERAGE(C59,'Plate 2 - Sheet1'!C59,'Plate 3 - Sheet1'!C59) -> 0.014759782 | D68: =AVERAGE(D59,'Plate 2 - Sheet1'!D59,'Plate 3 - Sheet1'!D59) -> 0.01483265 | E68: =AVERAGE(E59,'Plate 2 - Sheet1'!E59,'Plate 3 - Sheet1'!E59) -> 0.013275763 | F68: =AVERAGE(F59,'Plate 2 - Sheet1'!F59,'Plate 3 - Sheet1'!F59) -> 0.0081462868 | G68: =AVERAGE(G59,'Plate 2 - Sheet1'!G59,'Plate 3 - Sheet1'!G59) -> 0.011587105 | H68: =AVERAGE(H59,'Plate 2 - Sheet1'!H59,'Plate 3 - Sheet1'!H59) -> 0.010083777 | I68: =AVERAGE(I59,'Plate 2 - Sheet1'!I59,'Plate 3 - Sheet1'!I59) -> 0.0085988995 | J68: =AVERAGE(J59,'Plate 2 - Sheet1'!J59,'Plate 3 - Sheet1'!J59) -> 0.0082696512 | ... N68: =AVERAGE(N59,'Plate 2 - Sheet1'!N59,'Plate 3 - Sheet1'!N59) -> 0.00022742179
C69: =AVERAGE(C60,'Plate 2 - Sheet1'!C60,'Plate 3 - Sheet1'!C60) -> 0.022905557 | D69: =AVERAGE(D60,'Plate 2 - Sheet1'!D60,'Plate 3 - Sheet1'!D60) -> 0.018715392 | E69: =AVERAGE(E60,'Plate 2 - Sheet1'!E60,'Plate 3 - Sheet1'!E60) -> 0.020465644 | F69: =AVERAGE(F60,'Plate 2 - Sheet1'!F60,'Plate 3 - Sheet1'!F60) -> 0.0045386622 | G69: =AVERAGE(G60,'Plate 2 - Sheet1'!G60,'Plate 3 - Sheet1'!G60) -> 0.0026537142 | H69: =AVERAGE(H60,'Plate 2 - Sheet1'!H60,'Plate 3 - Sheet1'!H60) -> 0.0042308584 | I69: =AVERAGE(I60,'Plate 2 - Sheet1'!I60,'Plate 3 - Sheet1'!I60) -> 0.0011135785 | J69: =AVERAGE(J60,'Plate 2 - Sheet1'!J60,'Plate 3 - Sheet1'!J60) -> 0.0010957067 | ... N69: =AVERAGE(N60,'Plate 2 - Sheet1'!N60,'Plate 3 - Sheet1'!N60) -> 0.0024054284
C71: 0.060114085 | D71: 0.090196956 | E71: 0.097702483 | F71: 0.045738046 | G71: 0.043335326 | H71: 0.044672502 | I71: 0.041246291 | J71: 0.03837072 | K71: 0.038678965 | L71: 0.044328951 | M71: 0.03531941 | N71: 0.029901356
C73: =C65/$C$46 -> 0.81893548 | D73: =D65/$D$46 -> 0.80391237 | E73: =E65/$E$46 -> 0.80632588 | F73: =F65/$F$46 -> 0.86875819 | G73: =G65/$G$46 -> 0.89907289 | H73: =H65/$H$46 -> 0.90158897 | I73: =I65/$I$46 -> 0.81882128 | J73: =J65/$J$46 -> 0.81464373 | K73: =K65/$K$46 -> 0.81517713 | L73: =L65/$L$46 -> 0.88056031 | M73: =M65/$M$46 -> 0.84576101 | N73: =N65/$N$46 -> 0.8516543

Sheet Plate 2 - Sheet1
A2: Software Version | B2: 3.10.06
A4: Experiment File Path: | B4: C:\Users\Public\Documents\Experiments\Erika\2024_12_02_MIC_MCF_C3.xpt
A5: Protocol File Path: | B5: C:\Users\Public\Documents\Protocols\InitialOD.prt
A6: Plate Number | B6: Plate 2
A7: Date | B7: 45994
A8: Time | B8: 0.60407407
A9: Reader Type: | B9: Epoch 2
A10: Reader Serial Number: | B10: 1803065
A11: Reading Type | B11: Reader
A13: Procedure Details
A14: Plate Type | B14: 96 WELL PLATE (Use plate lid)
A15: Eject plate on completion
A16: Read | B16: Absorbance Endpoint
B17: Full Plate
B18: Wavelengths: 600
B19: Read Speed: Normal, Delay: 100 msec, Measurements/Data Point: 8
A21: Layout
C23: 1 | D23: 2 | E23: 3 | F23: 4 | G23: 5 | H23: 6 | I23: 7 | J23: 8 | K23: 9 | L23: 10 | M23: 11 | N23: 12
B24: A | C24: SPL1 | D24: SPL9 | E24: SPL17 | F24: SPL25 | G24: SPL33 | H24: SPL41 | I24: SPL49 | J24: SPL57 | K24: SPL65 | L24: SPL73 | M24: SPL81 | N24: SPL89 | O24: Well ID
B25: B | C25: SPL2 | D25: SPL10 | E25: SPL18 | F25: SPL26 | G25: SPL34 | H25: SPL42 | I25: SPL50 | J25: SPL58 | K25: SPL66 | L25: SPL74 | M25: SPL82 | N25: SPL90 | O25: Well ID
B26: C | C26: SPL3 | D26: SPL11 | E26: SPL19 | F26: SPL27 | G26: SPL35 | H26: SPL43 | I26: SPL51 | J26: SPL59 | K26: SPL67 | L26: SPL75 | M26: SPL83 | N26: SPL91 | O26: Well ID
B27: D | C27: SPL4 | D27: SPL12 | E27: SPL20 | F27: SPL28 | G27: SPL36 | H27: SPL44 | I27: SPL52 | J27: SPL60 | K27: SPL68 | L27: SPL76 | M27: SPL84 | N27: SPL92 | O27: Well ID
B28: E | C28: SPL5 | D28: SPL13 | E28: SPL21 | F28: SPL29 | G28: SPL37 | H28: SPL45 | I28: SPL53 | J28: SPL61 | K28: SPL69 | L28: SPL77 | M28: SPL85 | N28: SPL93 | O28: Well ID
B29: F | C29: SPL6 | D29: SPL14 | E29: SPL22 | F29: SPL30 | G29: SPL38 | H29: SPL46 | I29: SPL54 | J29: SPL62 | K29: SPL70 | L29: SPL78 | M29: SPL86 | N29: SPL94 | O29: Well ID
B30: G | C30: SPL7 | D30: SPL15 | E30: SPL23 | F30: SPL31 | G30: SPL39 | H30: SPL47 | I30: SPL55 | J30: SPL63 | K30: SPL71 | L30: SPL79 | M30: SPL87 | N30: SPL95 | O30: Well ID
B31: H | C31: SPL8 | D31: SPL16 | E31: SPL24 | F31: SPL32 | G31: SPL40 | H31: SPL48 | I31: SPL56 | J31: SPL64 | K31: SPL72 | L31: SPL80 | M31: SPL88 | N31: SPL96 | O31: Well ID
A33: Results
A34: Actual Temperature: | B34: 24.1
C36: 1 | D36: 2 | E36: 3 | F36: 4 | G36: 5 | H36: 6 | I36: 7 | J36: 8 | K36: 9 | L36: 10 | M36: 11 | N36: 12
B37: A | C37: 0.097 | D37: 0.097 | E37: 0.099 | F37: 0.097 | G37: 0.098 | H37: 0.096 | I37: 0.098 | J37: 0.1 | K37: 0.097 | L37: 0.098 | M37: 0.098 | N37: 0.097 | O37: 600 | P37: =AVERAGE(C37:N37) -> 0.097666667
B38: B | C38: 1.617 | D38: 1.587 | E38: 1.534 | F38: 1.22 | G38: 1.213 | H38: 1.202 | I38: 1.221 | J38: 1.227 | K38: 1.218 | L38: 1.188 | M38: 1.183 | N38: 1.179 | O38: 600
B39: C | C39: 1.154 | D39: 1.168 | E39: 1.168 | F39: 1.169 | G39: 1.169 | H39: 1.166 | I39: 1.168 | J39: 1.18 | K39: 1.17 | L39: 1.134 | M39: 1.13 | N39: 1.121 | O39: 600
B40: D | C40: 1.131 | D40: 1.154 | E40: 1.138 | F40: 1.132 | G40: 1.136 | H40: 1.137 | I40: 1.109 | J40: 1.08 | K40: 1.103 | L40: 1.113 | M40: 1.089 | N40: 1.074 | O40: 600
B41: E | C41: 0.189 | D41: 0.232 | E41: 0.238 | F41: 0.149 | G41: 0.146 | H41: 0.147 | I41: 0.144 | J41: 0.141 | K41: 0.141 | L41: 0.146 | M41: 0.136 | N41: 0.13 | O41: 600
B42: F | C42: 0.117 | D42: 0.125 | E42: 0.126 | F42: 0.12 | G42: 0.122 | H42: 0.117 | I42: 0.118 | J42: 0.117 | K42: 0.115 | L42: 0.115 | M42: 0.111 | N42: 0.102 | O42: 600
B43: G | C43: 0.117 | D43: 0.125 | E43: 0.125 | F43: 0.111 | G43: 0.114 | H43: 0.114 | I43: 0.114 | J43: 0.115 | K43: 0.115 | L43: 0.118 | M43: 0.114 | N43: 0.1 | O43: 600
B44: H | C44: 0.124 | D44: 0.119 | E44: 0.128 | F44: 0.103 | G44: 0.103 | H44: 0.102 | I44: 0.101 | J44: 0.102 | K44: 0.1 | L44: 0.102 | M44: 0.101 | N44: 0.101 | O44: 600
C46: =C38-$P$37 -> 1.5193333 | D46: =D38-$P$37 -> 1.4893333 | E46: =E38-$P$37 -> 1.4363333 | F46: =F38-$P$37 -> 1.1223333 | G46: =G38-$P$37 -> 1.1153333 | H46: =H38-$P$37 -> 1.1043333 | I46: =I38-$P$37 -> 1.1233333 | J46: =J38-$P$37 -> 1.1293333 | ... N46: =N38-$P$37 -> 1.0813333
C47: =C39-$P$37 -> 1.0563333 | D47: =D39-$P$37 -> 1.0703333 | E47: =E39-$P$37 -> 1.0703333 | F47: =F39-$P$37 -> 1.0713333 | G47: =G39-$P$37 -> 1.0713333 | H47: =H39-$P$37 -> 1.0683333 | I47: =I39-$P$37 -> 1.0703333 | J47: =J39-$P$37 -> 1.0823333 | ... N47: =N39-$P$37 -> 1.0233333
C48: =C40-$P$37 -> 1.0333333 | D48: =D40-$P$37 -> 1.0563333 | E48: =E40-$P$37 -> 1.0403333 | F48: =F40-$P$37 -> 1.0343333 | G48: =G40-$P$37 -> 1.0383333 | H48: =H40-$P$37 -> 1.0393333 | I48: =I40-$P$37 -> 1.0113333 | J48: =J40-$P$37 -> 0.98233333 | ... N48: =N40-$P$37 -> 0.97633333
C49: =C41-$P$37 -> 0.091333333 | D49: =D41-$P$37 -> 0.13433333 | E49: =E41-$P$37 -> 0.14033333 | F49: =F41-$P$37 -> 0.051333333 | G49: =G41-$P$37 -> 0.048333333 | H49: =H41-$P$37 -> 0.049333333 | I49: =I41-$P$37 -> 0.046333333 | J49: =J41-$P$37 -> 0.043333333 | ... N49: =N41-$P$37 -> 0.032333333
C50: =C42-$P$37 -> 0.019333333 | D50: =D42-$P$37 -> 0.027333333 | E50: =E42-$P$37 -> 0.028333333 | F50: =F42-$P$37 -> 0.022333333 | G50: =G42-$P$37 -> 0.024333333 | H50: =H42-$P$37 -> 0.019333333 | I50: =I42-$P$37 -> 0.020333333 | J50: =J42-$P$37 -> 0.019333333 | ... N50: =N42-$P$37 -> 0.0043333333
C51: =C43-$P$37 -> 0.019333333 | D51: =D43-$P$37 -> 0.027333333 | E51: =E43-$P$37 -> 0.027333333 | F51: =F43-$P$37 -> 0.013333333 | G51: =G43-$P$37 -> 0.016333333 | H51: =H43-$P$37 -> 0.016333333 | I51: =I43-$P$37 -> 0.016333333 | J51: =J43-$P$37 -> 0.017333333 | ... N51: =N43-$P$37 -> 0.0023333333
C52: =C44-$P$37 -> 0.026333333 | D52: =D44-$P$37 -> 0.021333333 | E52: =E44-$P$37 -> 0.030333333 | F52: =F44-$P$37 -> 0.0053333333 | G52: =G44-$P$37 -> 0.0053333333 | H52: =H44-$P$37 -> 0.0043333333 | I52: =I44-$P$37 -> 0.0033333333 | J52: =J44-$P$37 -> 0.0043333333 | ... N52: =N44-$P$37 -> 0.0033333333
C54: =C46/$C$46 -> 1 | D54: =D46/$D$46 -> 1 | E54: =E46/$E$46 -> 1 | F54: =F46/$F$46 -> 1 | G54: =G46/$G$46 -> 1 | H54: =H46/$H$46 -> 1 | I54: =I46/$I$46 -> 1 | J54: =J46/$J$46 -> 1 | K54: =K46/$K$46 -> 1 | L54: =L46/$L$46 -> 1 | M54: =M46/$M$46 -> 1 | N54: =N46/$N$46 -> 1
C55: =C47/$C$46 -> 0.69526108 | D55: =D47/$D$46 -> 0.71866607 | E55: =E47/$E$46 -> 0.7451845 | F55: =F47/$F$46 -> 0.95455895 | G55: =G47/$G$46 -> 0.96054991 | H55: =H47/$H$46 -> 0.96740115 | I55: =I47/$I$46 -> 0.95281899 | J55: =J47/$J$46 -> 0.95838253 | K55: =K47/$K$46 -> 0.95715561 | L55: =L47/$L$46 -> 0.95047386 | M55: =M47/$M$46 -> 0.95116708 | N55: =N47/$N$46 -> 0.94636252
C56: =C48/$C$46 -> 0.68012286 | D56: =D48/$D$46 -> 0.70926589 | E56: =E48/$E$46 -> 0.72429798 | F56: =F48/$F$46 -> 0.92159192 | G56: =G48/$G$46 -> 0.93096234 | H56: =H48/$H$46 -> 0.94114096 | I56: =I48/$I$46 -> 0.90029674 | J56: =J48/$J$46 -> 0.86983471 | K56: =K48/$K$46 -> 0.89735198 | L56: =L48/$L$46 -> 0.9312137 | M56: =M48/$M$46 -> 0.91339066 | N56: =N48/$N$46 -> 0.90289766
C57: =C49/$C$46 -> 0.060114085 | D57: =D49/$D$46 -> 0.090196956 | E57: =E49/$E$46 -> 0.097702483 | F57: =F49/$F$46 -> 0.045738046 | G57: =G49/$G$46 -> 0.043335326 | H57: =H49/$H$46 -> 0.044672502 | I57: =I49/$I$46 -> 0.041246291 | J57: =J49/$J$46 -> 0.03837072 | K57: =K49/$K$46 -> 0.038678965 | L57: =L49/$L$46 -> 0.044328951 | M57: =M49/$M$46 -> 0.03531941 | N57: =N49/$N$46 -> 0.029901356
C58: =C50/$C$46 -> 0.012724879 | D58: =D50/$D$46 -> 0.018352731 | E58: =E50/$E$46 -> 0.019726155 | F58: =F50/$F$46 -> 0.01989902 | G58: =G50/$G$46 -> 0.021817095 | H58: =H50/$H$46 -> 0.017506791 | I58: =I50/$I$46 -> 0.01810089 | J58: =J50/$J$46 -> 0.017119244 | K58: =K50/$K$46 -> 0.015471586 | L58: =L50/$L$46 -> 0.015897279 | M58: =M50/$M$46 -> 0.012285012 | N58: =N50/$N$46 -> 0.0040073983
C59: =C51/$C$46 -> 0.012724879 | D59: =D51/$D$46 -> 0.018352731 | E59: =E51/$E$46 -> 0.019029937 | F59: =F51/$F$46 -> 0.011880012 | G59: =G51/$G$46 -> 0.014644351 | H59: =H51/$H$46 -> 0.01479022 | I59: =I51/$I$46 -> 0.014540059 | J59: =J51/$J$46 -> 0.015348288 | K59: =K51/$K$46 -> 0.015471586 | L59: =L51/$L$46 -> 0.018648731 | M59: =M51/$M$46 -> 0.01504914 | N59: =N51/$N$46 -> 0.0021578298
C60: =C52/$C$46 -> 0.017332163 | D60: =D52/$D$46 -> 0.014324082 | E60: =E52/$E$46 -> 0.021118589 | F60: =F52/$F$46 -> 0.0047520048 | G60: =G52/$G$46 -> 0.0047818291 | H60: =H52/$H$46 -> 0.003923936 | I60: =I52/$I$46 -> 0.002967359 | J60: =J52/$J$46 -> 0.003837072 | K60: =K52/$K$46 -> 0.0020827135 | L60: =L52/$L$46 -> 0.0039743198 | M60: =M52/$M$46 -> 0.0030712531 | N60: =N52/$N$46 -> 0.0030826141

Sheet Plate 3 - Sheet1
A2: Software Version | B2: 3.10.06
A4: Experiment File Path: | B4: C:\Users\Public\Documents\Experiments\Erika\2024_12_02_MIC_MCF_C3.xpt
A5: Protocol File Path: | B5: C:\Users\Public\Documents\Protocols\InitialOD.prt
A6: Plate Number | B6: Plate 3
A7: Date | B7: 45994
A8: Time | B8: 0.60510417
A9: Reader Type: | B9: Epoch 2
A10: Reader Serial Number: | B10: 1803065
A11: Reading Type | B11: Reader
A13: Procedure Details
A14: Plate Type | B14: 96 WELL PLATE (Use plate lid)
A15: Eject plate on completion
A16: Read | B16: Absorbance Endpoint
B17: Full Plate
B18: Wavelengths: 600
B19: Read Speed: Normal, Delay: 100 msec, Measurements/Data Point: 8
A21: Layout
C23: 1 | D23: 2 | E23: 3 | F23: 4 | G23: 5 | H23: 6 | I23: 7 | J23: 8 | K23: 9 | L23: 10 | M23: 11 | N23: 12
B24: A | C24: SPL1 | D24: SPL9 | E24: SPL17 | F24: SPL25 | G24: SPL33 | H24: SPL41 | I24: SPL49 | J24: SPL57 | K24: SPL65 | L24: SPL73 | M24: SPL81 | N24: SPL89 | O24: Well ID
B25: B | C25: SPL2 | D25: SPL10 | E25: SPL18 | F25: SPL26 | G25: SPL34 | H25: SPL42 | I25: SPL50 | J25: SPL58 | K25: SPL66 | L25: SPL74 | M25: SPL82 | N25: SPL90 | O25: Well ID
B26: C | C26: SPL3 | D26: SPL11 | E26: SPL19 | F26: SPL27 | G26: SPL35 | H26: SPL43 | I26: SPL51 | J26: SPL59 | K26: SPL67 | L26: SPL75 | M26: SPL83 | N26: SPL91 | O26: Well ID
B27: D | C27: SPL4 | D27: SPL12 | E27: SPL20 | F27: SPL28 | G27: SPL36 | H27: SPL44 | I27: SPL52 | J27: SPL60 | K27: SPL68 | L27: SPL76 | M27: SPL84 | N27: SPL92 | O27: Well ID
B28: E | C28: SPL5 | D28: SPL13 | E28: SPL21 | F28: SPL29 | G28: SPL37 | H28: SPL45 | I28: SPL53 | J28: SPL61 | K28: SPL69 | L28: SPL77 | M28: SPL85 | N28: SPL93 | O28: Well ID
B29: F | C29: SPL6 | D29: SPL14 | E29: SPL22 | F29: SPL30 | G29: SPL38 | H29: SPL46 | I29: SPL54 | J29: SPL62 | K29: SPL70 | L29: SPL78 | M29: SPL86 | N29: SPL94 | O29: Well ID
B30: G | C30: SPL7 | D30: SPL15 | E30: SPL23 | F30: SPL31 | G30: SPL39 | H30: SPL47 | I30: SPL55 | J30: SPL63 | K30: SPL71 | L30: SPL79 | M30: SPL87 | N30: SPL95 | O30: Well ID
B31: H | C31: SPL8 | D31: SPL16 | E31: SPL24 | F31: SPL32 | G31: SPL40 | H31: SPL48 | I31: SPL56 | J31: SPL64 | K31: SPL72 | L31: SPL80 | M31: SPL88 | N31: SPL96 | O31: Well ID
A33: Results
A34: Actual Temperature: | B34: 24
C36: 1 | D36: 2 | E36: 3 | F36: 4 | G36: 5 | H36: 6 | I36: 7 | J36: 8 | K36: 9 | L36: 10 | M36: 11 | N36: 12
B37: A | C37: 0.098 | D37: 0.097 | E37: 0.098 | F37: 0.097 | G37: 0.096 | H37: 0.098 | I37: 0.097 | J37: 0.108 | K37: 0.097 | L37: 0.098 | M37: 0.098 | N37: 0.099 | O37: 600 | P37: =AVERAGE(C37:N37) -> 0.098416667
B38: B | C38: 1.158 | D38: 1.188 | E38: 1.175 | F38: 1.161 | G38: 1.169 | H38: 1.172 | I38: 1.21 | J38: 1.212 | K38: 1.206 | L38: 1.176 | M38: 1.181 | N38: 1.167 | O38: 600
B39: C | C39: 1.15 | D39: 1.156 | E39: 1.156 | F39: 1.139 | G39: 1.145 | H39: 1.148 | I39: 1.152 | J39: 1.16 | K39: 1.152 | L39: 1.129 | M39: 1.14 | N39: 1.121 | O39: 600
B40: D | C40: 1.115 | D40: 1.118 | E40: 1.121 | F40: 1.113 | G40: 1.121 | H40: 1.119 | I40: 1.098 | J40: 1.105 | K40: 1.097 | L40: 1.107 | M40: 1.097 | N40: 1.097 | O40: 600
B41: E | C41: 0.165 | D41: 0.203 | E41: 0.229 | F41: 0.136 | G41: 0.134 | H41: 0.132 | I41: 0.126 | J41: 0.123 | K41: 0.122 | L41: 0.13 | M41: 0.128 | N41: 0.128 | O41: 600
B42: F | C42: 0.113 | D42: 0.107 | E42: 0.105 | F42: 0.098 | G42: 0.104 | H42: 0.097 | I42: 0.103 | J42: 0.099 | K42: 0.102 | L42: 0.103 | M42: 0.102 | N42: 0.102 | O42: 600
B43: G | C43: 0.121 | D43: 0.119 | E43: 0.112 | F43: 0.106 | G43: 0.109 | H43: 0.104 | I43: 0.101 | J43: 0.1 | K43: 0.099 | L43: 0.101 | M43: 0.091 | N43: 0.099 | O43: 600
B44: H | C44: 0.135 | D44: 0.127 | E44: 0.124 | F44: 0.108 | G44: 0.103 | H44: 0.108 | I44: 0.099 | J44: 0.1 | K44: 0.1 | L44: 0.102 | M44: 0.1 | N44: 0.103 | O44: 600
C46: =C38-$P$37 -> 1.0595833 | D46: =D38-$P$37 -> 1.0895833 | E46: =E38-$P$37 -> 1.0765833 | F46: =F38-$P$37 -> 1.0625833 | G46: =G38-$P$37 -> 1.0705833 | H46: =H38-$P$37 -> 1.0735833 | I46: =I38-$P$37 -> 1.1115833 | J46: =J38-$P$37 -> 1.1135833 | ... N46: =N38-$P$37 -> 1.0685833
C47: =C39-$P$37 -> 1.0515833 | D47: =D39-$P$37 -> 1.0575833 | E47: =E39-$P$37 -> 1.0575833 | F47: =F39-$P$37 -> 1.0405833 | G47: =G39-$P$37 -> 1.0465833 | H47: =H39-$P$37 -> 1.0495833 | I47: =I39-$P$37 -> 1.0535833 | J47: =J39-$P$37 -> 1.0615833 | ... N47: =N39-$P$37 -> 1.0225833
C48: =C40-$P$37 -> 1.0165833 | D48: =D40-$P$37 -> 1.0195833 | E48: =E40-$P$37 -> 1.0225833 | F48: =F40-$P$37 -> 1.0145833 | G48: =G40-$P$37 -> 1.0225833 | H48: =H40-$P$37 -> 1.0205833 | I48: =I40-$P$37 -> 0.99958333 | J48: =J40-$P$37 -> 1.0065833 | ... N48: =N40-$P$37 -> 0.99858333
C49: =C41-$P$37 -> 0.066583333 | D49: =D41-$P$37 -> 0.10458333 | E49: =E41-$P$37 -> 0.13058333 | F49: =F41-$P$37 -> 0.037583333 | G49: =G41-$P$37 -> 0.035583333 | H49: =H41-$P$37 -> 0.033583333 | I49: =I41-$P$37 -> 0.027583333 | J49: =J41-$P$37 -> 0.024583333 | ... N49: =N41-$P$37 -> 0.029583333
C50: =C42-$P$37 -> 0.014583333 | D50: =D42-$P$37 -> 0.0085833333 | E50: =E42-$P$37 -> 0.0065833333 | F50: =F42-$P$37 -> -0.00041666667 | G50: =G42-$P$37 -> 0.0055833333 | H50: =H42-$P$37 -> -0.0014166667 | I50: =I42-$P$37 -> 0.0045833333 | J50: =J42-$P$37 -> 0.00058333333 | ... N50: =N42-$P$37 -> 0.0035833333
C51: =C43-$P$37 -> 0.022583333 | D51: =D43-$P$37 -> 0.020583333 | E51: =E43-$P$37 -> 0.013583333 | F51: =F43-$P$37 -> 0.0075833333 | G51: =G43-$P$37 -> 0.010583333 | H51: =H43-$P$37 -> 0.0055833333 | I51: =I43-$P$37 -> 0.0025833333 | J51: =J43-$P$37 -> 0.0015833333 | ... N51: =N43-$P$37 -> 0.00058333333
C52: =C44-$P$37 -> 0.036583333 | D52: =D44-$P$37 -> 0.028583333 | E52: =E44-$P$37 -> 0.025583333 | F52: =F44-$P$37 -> 0.0095833333 | G52: =G44-$P$37 -> 0.0045833333 | H52: =H44-$P$37 -> 0.0095833333 | I52: =I44-$P$37 -> 0.00058333333 | J52: =J44-$P$37 -> 0.0015833333 | ... N52: =N44-$P$37 -> 0.0045833333
C54: =C46/$C$46 -> 1 | D54: =D46/$D$46 -> 1 | E54: =E46/$E$46 -> 1 | F54: =F46/$F$46 -> 1 | G54: =G46/$G$46 -> 1 | H54: =H46/$H$46 -> 1 | I54: =I46/$I$46 -> 1 | J54: =J46/$J$46 -> 1 | K54: =K46/$K$46 -> 1 | L54: =L46/$L$46 -> 1 | M54: =M46/$M$46 -> 1 | N54: =N46/$N$46 -> 1
C55: =C47/$C$46 -> 0.99244986 | D55: =D47/$D$46 -> 0.97063098 | E55: =E47/$E$46 -> 0.98235158 | F55: =F47/$F$46 -> 0.97929574 | G55: =G47/$G$46 -> 0.97758231 | H55: =H47/$H$46 -> 0.97764496 | I55: =I47/$I$46 -> 0.94782218 | J55: =J47/$J$46 -> 0.9533039 | K55: =K47/$K$46 -> 0.9512452 | L55: =L47/$L$46 -> 0.95638388 | M55: =M47/$M$46 -> 0.96212763 | N55: =N47/$N$46 -> 0.95695235
C56: =C48/$C$46 -> 0.95941801 | D56: =D48/$D$46 -> 0.93575526 | E56: =E48/$E$46 -> 0.94984132 | F56: =F48/$F$46 -> 0.95482707 | G56: =G48/$G$46 -> 0.95516463 | H56: =H48/$H$46 -> 0.95063262 | I56: =I48/$I$46 -> 0.89924282 | J56: =J48/$J$46 -> 0.90391379 | K56: =K48/$K$46 -> 0.90158754 | L56: =L48/$L$46 -> 0.93596783 | M56: =M48/$M$46 -> 0.92240782 | N56: =N48/$N$46 -> 0.93449271
C57: =C49/$C$46 -> 0.062839166 | D57: =D49/$D$46 -> 0.095984704 | E57: =E49/$E$46 -> 0.12129422 | F57: =F49/$F$46 -> 0.035369775 | G57: =G49/$G$46 -> 0.033237332 | H57: =H49/$H$46 -> 0.031281534 | I57: =I49/$I$46 -> 0.024814454 | J57: =J49/$J$46 -> 0.022075881 | K57: =K49/$K$46 -> 0.021292604 | L57: =L49/$L$46 -> 0.029309411 | M57: =M49/$M$46 -> 0.027326611 | N57: =N49/$N$46 -> 0.027684629
C58: =C50/$C$46 -> 0.013763272 | D58: =D50/$D$46 -> 0.0078776291 | E58: =E50/$E$46 -> 0.0061150244 | F58: =F50/$F$46 -> -0.00039212611 | G58: =G50/$G$46 -> 0.0052152253 | H58: =H50/$H$46 -> -0.0013195684 | I58: =I50/$I$46 -> 0.0041232476 | J58: =J50/$J$46 -> 0.00052383447 | K58: =K50/$K$46 -> 0.003235272 | L58: =L50/$L$46 -> 0.0042533447 | M58: =M50/$M$46 -> 0.0033099838 | N58: =N50/$N$46 -> 0.0033533495
C59: =C51/$C$46 -> 0.021313409 | D59: =D51/$D$46 -> 0.018891013 | E59: =E51/$E$46 -> 0.012617076 | F59: =F51/$F$46 -> 0.0071366952 | G59: =G51/$G$46 -> 0.0098855764 | H59: =H51/$H$46 -> 0.005200652 | I59: =I51/$I$46 -> 0.0023240123 | J59: =J51/$J$46 -> 0.0014218364 | K59: =K51/$K$46 -> 0.00052667218 | L59: =L51/$L$46 -> 0.0023973397 | M59: =M51/$M$46 -> -0.0068508968 | N59: =N51/$N$46 -> 0.0005458941
C60: =C52/$C$46 -> 0.03452615 | D60: =D52/$D$46 -> 0.02623327 | E60: =E52/$E$46 -> 0.023763449 | F60: =F52/$F$46 -> 0.0090189005 | G60: =G52/$G$46 -> 0.0042811551 | H60: =H52/$H$46 -> 0.0089264923 | I60: =I52/$I$46 -> 0.00052477697 | J60: =J52/$J$46 -> 0.0014218364 | K60: =K52/$K$46 -> 0.0014295388 | L60: =L52/$L$46 -> 0.0033253422 | M60: =M52/$M$46 -> 0.001462551 | N60: =N52/$N$46 -> 0.0042891679
